data_evento,message_id,remetente_estimado,assunto,etapa,detalhe_smtp,tamanho_bytes,anexos,status_final
2026-07-01 03:40:27,<6a448c2b.fcb47948.3be2b0.c28bSMTPIN_ADDED_MISSING@mx.google.com>,,Automatize seu atendimento e aumente suas vendas com a Okto,RECEBIDO (SMTP),"550-5.7.1 [117.188.5.92] The IP you're using to send mail is not authorized to 550-5.7.1 send email directly to our servers. Please use the SMTP relay at your 550-5.7.1 service provider instead. For more information, go to 550 5.7.1 https://support.google.com/mail/?p=NotAuthorizedError",3300,0,Rejeitado (definitivo)
2026-07-01 03:40:27,<6a448c2b.fcb47948.3be2b0.c28bSMTPIN_ADDED_MISSING@mx.google.com>,,Automatize seu atendimento e aumente suas vendas com a Okto,REJEITADO,,3468,0,Rejeitado (definitivo)
2026-07-01 11:20:02,<20260614092505.0794310E4C63@fjsanyuan.com>,fjsanyuan.com (estimado),Webinar AO VIVO | WhatsApp ainda é uma máquina de vendas,RECEBIDO (SMTP),"550-5.7.1 [222.76.179.239] The IP you're using to send mail is not authorized to 550-5.7.1 send email directly to our servers. Please use the SMTP relay at your 550-5.7.1 service provider instead. For more information, go to 550 5.7.1 https://support.google.com/mail/?p=NotAuthorizedError",4135,0,Rejeitado (definitivo)
2026-07-01 11:20:03,<20260614092505.0794310E4C63@fjsanyuan.com>,fjsanyuan.com (estimado),Webinar AO VIVO | WhatsApp ainda é uma máquina de vendas,REJEITADO,,4302,0,Rejeitado (definitivo)
2026-07-01 19:16:14,<20260701191613.7D03746326@relatorio02b.bolsasrogan.cfd>,relatorio02b.bolsasrogan.cfd (estimado),Currículo - Gabriel Rocha,RECEBIDO (SMTP),"550-5.7.1 [178.172.173.158 19] Gmail has detected that this message is 550-5.7.1 likely suspicious due to the very low reputation of the sending 550-5.7.1 domain. To best protect our users from spam, the message has been 550-5.7.1 blocked. For more information, go to 550 5.7.1 https://support.google.com/mail/answer/188131",5934,0,Rejeitado (definitivo)
2026-07-01 19:16:14,<20260701191613.7D03746326@relatorio02b.bolsasrogan.cfd>,relatorio02b.bolsasrogan.cfd (estimado),Currículo - Gabriel Rocha,REJEITADO,,6102,0,Rejeitado (definitivo)
2026-07-01 19:16:33,<20260701191613.7D03746326@relatorio02b.bolsasrogan.cfd>,relatorio02b.bolsasrogan.cfd (estimado),Currículo - Gabriel Rocha,RECEBIDO (SMTP),"550-5.7.1 [178.172.173.158 19] Gmail has detected that this message is 550-5.7.1 likely suspicious due to the very low reputation of the sending 550-5.7.1 domain. To best protect our users from spam, the message has been 550-5.7.1 blocked. For more information, go to 550 5.7.1 https://support.google.com/mail/answer/188131",5934,0,Rejeitado (definitivo)
2026-07-01 19:16:33,<20260701191613.7D03746326@relatorio02b.bolsasrogan.cfd>,relatorio02b.bolsasrogan.cfd (estimado),Currículo - Gabriel Rocha,REJEITADO,,6100,0,Rejeitado (definitivo)
2026-07-01 20:03:52,<6a4572a9.50ac3a49.57ac1.ab41SMTPIN_ADDED_MISSING@mx.google.com>,,Dúvida rápida sobre o seu site,RECEBIDO (SMTP),"550-5.7.1 [13.48.125.188 19] Gmail has detected that this message is likely 550-5.7.1 suspicious due to the very low reputation of the sending domain. To 550-5.7.1 best protect our users from spam, the message has been blocked. For 550-5.7.1 more information, go to 550 5.7.1 https://support.google.com/mail/answer/188131",5418,0,Rejeitado (definitivo)
2026-07-01 20:03:53,<6a4572a9.50ac3a49.57ac1.ab41SMTPIN_ADDED_MISSING@mx.google.com>,,Dúvida rápida sobre o seu site,REJEITADO,,5583,0,Rejeitado (definitivo)
2026-07-02 02:16:34,<178295850543.691840.3147815937008166187@funvztoks.xyz>,funvztoks.xyz (estimado),MÚSICA AO VIVO NA SUA FESTA,RECEBIDO (SMTP),"550-5.7.1 [23.137.105.47 19] Gmail has detected that this message is likely 550-5.7.1 suspicious due to the very low reputation of the sending domain. To 550-5.7.1 best protect our users from spam, the message has been blocked. For 550-5.7.1 more information, go to 550 5.7.1 https://support.google.com/mail/answer/188131",3129,0,Rejeitado (definitivo)
2026-07-02 02:16:34,<178295850543.691840.3147815937008166187@funvztoks.xyz>,funvztoks.xyz (estimado),MÚSICA AO VIVO NA SUA FESTA,REJEITADO,,3296,0,Rejeitado (definitivo)
2026-07-02 03:01:53,<178296126965.691840.10172372267724830080@nighertz.cyou>,nighertz.cyou (estimado),Webinar AO VIVO | WhatsApp ainda é uma máquina de vendas,RECEBIDO (SMTP),"550-5.7.1 [23.137.105.47 19] Gmail has detected that this message is likely 550-5.7.1 suspicious due to the very low reputation of the sending domain. To 550-5.7.1 best protect our users from spam, the message has been blocked. For 550-5.7.1 more information, go to 550 5.7.1 https://support.google.com/mail/answer/188131",4926,0,Rejeitado (definitivo)
2026-07-02 03:01:53,<178296126965.691840.10172372267724830080@nighertz.cyou>,nighertz.cyou (estimado),Webinar AO VIVO | WhatsApp ainda é uma máquina de vendas,REJEITADO,,5094,0,Rejeitado (definitivo)
2026-07-02 12:27:14,<20260614142832.A76CF10F319C@fjsanyuan.com>,fjsanyuan.com (estimado),Transforme Seu Ambiente com Pisos e Tapetes de Alta Qualidade | Espaço & Cia,RECEBIDO (SMTP),"550-5.7.1 [222.76.179.239] The IP you're using to send mail is not authorized to 550-5.7.1 send email directly to our servers. Please use the SMTP relay at your 550-5.7.1 service provider instead. For more information, go to 550 5.7.1 https://support.google.com/mail/?p=NotAuthorizedError",3379,0,Rejeitado (definitivo)
2026-07-02 12:27:14,<20260614142832.A76CF10F319C@fjsanyuan.com>,fjsanyuan.com (estimado),Transforme Seu Ambiente com Pisos e Tapetes de Alta Qualidade | Espaço & Cia,REJEITADO,,3545,0,Rejeitado (definitivo)
2026-07-02 18:16:04,<20260702181538.3076024537@relatorio02b.bolsasofia.cfd>,relatorio02b.bolsasofia.cfd (estimado),Guia para pagamento [IRPJ-MENSAL] - Vencimento: 10/07/2026,RECEBIDO (SMTP),"421-4.7.28 Gmail has detected an unusual rate of unsolicited mail originating 421-4.7.28 from your IP Netblock [178.172.235.69 34]. To protect our users 421-4.7.28 from spam, mail sent from your IP Netblock has been temporarily rate 421-4.7.28 limited. For more information, go to 421-4.7.28 https://support.google.com/mail/?p=UnsolicitedRateLimitError to 421 4.7.28 review our Bulk Email Senders Guidelines.",7013,0,Rejeitado (temporário)
2026-07-02 18:16:04,<20260702181538.3076024537@relatorio02b.bolsasofia.cfd>,relatorio02b.bolsasofia.cfd (estimado),Guia para pagamento [IRPJ-MENSAL] - Vencimento: 10/07/2026,REJEITADO,,7179,0,Rejeitado (temporário)
2026-07-02 18:16:04,<20260702181538.3076024537@relatorio02b.bolsasofia.cfd>,relatorio02b.bolsasofia.cfd (estimado),Guia para pagamento [IRPJ-MENSAL] - Vencimento: 10/07/2026,RECEBIDO (SMTP),"421-4.7.28 Gmail has detected an unusual rate of mail originating from your DKIM 421-4.7.28 domain [relatorio02b.bolsasofia.cfd 36]. To protect our users 421-4.7.28 from spam, mail sent from your domain has been temporarily rate 421-4.7.28 limited. For more information, go to 421-4.7.28 https://support.google.com/mail/?p=UnsolicitedRateLimitError to 421 4.7.28 review our Bulk Email Senders Guidelines.",7013,0,Rejeitado (temporário)
2026-07-02 18:16:04,<20260702181538.3076024537@relatorio02b.bolsasofia.cfd>,relatorio02b.bolsasofia.cfd (estimado),Guia para pagamento [IRPJ-MENSAL] - Vencimento: 10/07/2026,REJEITADO,,7180,0,Rejeitado (temporário)
2026-07-02 18:16:18,<20260702181538.3076024537@relatorio02b.bolsasofia.cfd>,relatorio02b.bolsasofia.cfd (estimado),Guia para pagamento [IRPJ-MENSAL] - Vencimento: 10/07/2026,RECEBIDO (SMTP),"421-4.7.28 Gmail has detected an unusual rate of mail originating from your DKIM 421-4.7.28 domain [relatorio02b.bolsasofia.cfd 36]. To protect our users 421-4.7.28 from spam, mail sent from your domain has been temporarily rate 421-4.7.28 limited. For more information, go to 421-4.7.28 https://support.google.com/mail/?p=UnsolicitedRateLimitError to 421 4.7.28 review our Bulk Email Senders Guidelines.",7013,0,Rejeitado (temporário)
2026-07-02 18:16:18,<20260702181538.3076024537@relatorio02b.bolsasofia.cfd>,relatorio02b.bolsasofia.cfd (estimado),Guia para pagamento [IRPJ-MENSAL] - Vencimento: 10/07/2026,REJEITADO,,7179,0,Rejeitado (temporário)
2026-07-02 18:16:18,<20260702181538.3076024537@relatorio02b.bolsasofia.cfd>,relatorio02b.bolsasofia.cfd (estimado),Guia para pagamento [IRPJ-MENSAL] - Vencimento: 10/07/2026,RECEBIDO (SMTP),"421-4.7.28 Gmail has detected an unusual rate of unsolicited mail originating 421-4.7.28 from your IP Netblock [178.172.235.69 34]. To protect our users 421-4.7.28 from spam, mail sent from your IP Netblock has been temporarily rate 421-4.7.28 limited. For more information, go to 421-4.7.28 https://support.google.com/mail/?p=UnsolicitedRateLimitError to 421 4.7.28 review our Bulk Email Senders Guidelines.",7013,0,Rejeitado (temporário)
2026-07-02 18:16:19,<20260702181538.3076024537@relatorio02b.bolsasofia.cfd>,relatorio02b.bolsasofia.cfd (estimado),Guia para pagamento [IRPJ-MENSAL] - Vencimento: 10/07/2026,REJEITADO,,7179,0,Rejeitado (temporário)
2026-07-02 18:44:40,<2E3A41F713034344822D4B5B1584D0A4.MAI@magis4you.adm.br>,magis4you.adm.br (estimado),"Nos dias 14, 15 e 16 / julho - Negociação para Compradores com IA no Planejamento, Execução e Encerramento",RECEBIDO (SMTP),"550-5.7.28 [195.154.134.26 1] Gmail has detected an unusual rate of 550-5.7.28 unsolicited mail originating from your IP address. To protect our 550-5.7.28 users from spam, mail sent from your IP address has been blocked. 550-5.7.28 For more information, go to 550-5.7.28 https://support.google.com/mail/?p=UnsolicitedIPError to review our 550 5.7.28 Bulk Email Senders Guidelines.",45233,0,Rejeitado (definitivo)
2026-07-02 18:44:40,<2E3A41F713034344822D4B5B1584D0A4.MAI@magis4you.adm.br>,magis4you.adm.br (estimado),"Nos dias 14, 15 e 16 / julho - Negociação para Compradores com IA no Planejamento, Execução e Encerramento",REJEITADO,,45398,0,Rejeitado (definitivo)
2026-07-02 20:28:19,<0.0.0.F4.1DD0A61515BF4E6.430D7@mail2220.delibird-emkt0001.lwdlv.com.br>,mail2220.delibird-emkt0001.lwdlv.com.br (estimado),Alinhamento - Proposta Claro Empresas,RECEBIDO (SMTP),250 2.0.0 OK,7347,0,Entregue (caixa de SPAM)
2026-07-02 20:28:20,<0.0.0.F4.1DD0A61515BF4E6.430D7@mail2220.delibird-emkt0001.lwdlv.com.br>,mail2220.delibird-emkt0001.lwdlv.com.br (estimado),Alinhamento - Proposta Claro Empresas,PROCESSADO,,7514,0,Entregue (caixa de SPAM)
2026-07-02 20:28:20,<0.0.0.F4.1DD0A61515BF4E6.430D7@mail2220.delibird-emkt0001.lwdlv.com.br>,mail2220.delibird-emkt0001.lwdlv.com.br (estimado),Alinhamento - Proposta Claro Empresas,ENTREGUE (caixa de SPAM),,7514,0,Entregue (caixa de SPAM)
2026-07-03 09:11:34,<20260703T091130Z.5815690964150931922@contato9.justrabalho.com>,contato9.justrabalho.com (estimado),Notificação de assinatura digital,RECEBIDO (SMTP),"550-5.7.1 [194.38.22.192 18] Gmail has detected that this message is likely 550-5.7.1 suspicious due to the very low reputation of the sending IP address. 550-5.7.1 To best protect our users from spam, the message has been blocked. 550-5.7.1 For more information, go to 550 5.7.1 https://support.google.com/mail/answer/188131",9367,0,Rejeitado (definitivo)
2026-07-03 09:11:34,<20260703T091130Z.5815690964150931922@contato9.justrabalho.com>,contato9.justrabalho.com (estimado),Notificação de assinatura digital,REJEITADO,,9535,0,Rejeitado (definitivo)
2026-07-03 11:59:58,<asqofvtbkdey.1783079997763347900@b1c268c2.brosty.com>,b1c268c2.brosty.com (estimado),ENC:Currículo-Beatriz Oliveira,RECEBIDO (SMTP),"550-5.7.1 [185.243.96.134 18] Gmail has detected that this message is 550-5.7.1 likely suspicious due to the very low reputation of the sending IP 550-5.7.1 address. To best protect our users from spam, the message has been 550-5.7.1 blocked. For more information, go to 550 5.7.1 https://support.google.com/mail/answer/188131",4221,0,Rejeitado (definitivo)
2026-07-03 11:59:59,<asqofvtbkdey.1783079997763347900@b1c268c2.brosty.com>,b1c268c2.brosty.com (estimado),ENC:Currículo-Beatriz Oliveira,REJEITADO,,4388,0,Rejeitado (definitivo)
2026-07-03 13:16:23,<6a47b628.d234c8c1.24085c.aef0SMTPIN_ADDED_MISSING@mx.google.com>,,"Descubra o Elixi do Comendador — Exclusivo, Natural e Brasileiro",RECEBIDO (SMTP),"550-5.7.1 [117.188.5.92] The IP you're using to send mail is not authorized to 550-5.7.1 send email directly to our servers. Please use the SMTP relay at your 550-5.7.1 service provider instead. For more information, go to 550 5.7.1 https://support.google.com/mail/?p=NotAuthorizedError",3199,0,Rejeitado (definitivo)
2026-07-03 13:16:24,<6a47b628.d234c8c1.24085c.aef0SMTPIN_ADDED_MISSING@mx.google.com>,,"Descubra o Elixi do Comendador — Exclusivo, Natural e Brasileiro",REJEITADO,,3367,0,Rejeitado (definitivo)
2026-07-03 20:28:38,<20260331043004.1725275A7936@ix-quant.com>,ix-quant.com (estimado),O hidronegócio nos rios brasileiros e seus impactos socioambientais,RECEBIDO (SMTP),"550-5.7.1 [222.35.7.119] The IP you're using to send mail is not authorized to 550-5.7.1 send email directly to our servers. Please use the SMTP relay at your 550-5.7.1 service provider instead. For more information, go to 550 5.7.1 https://support.google.com/mail/?p=NotAuthorizedError",4630,0,Rejeitado (definitivo)
2026-07-03 20:28:38,<20260331043004.1725275A7936@ix-quant.com>,ix-quant.com (estimado),O hidronegócio nos rios brasileiros e seus impactos socioambientais,REJEITADO,,4797,0,Rejeitado (definitivo)
2026-07-04 17:20:32,<7AE24B564F3E4DA88D4107EDFB953144.MAI@mail.lknidhi.com>,mail.lknidhi.com (estimado),Liquidação: Tapete de Couro Preto 150x200 R$756,RECEBIDO (SMTP),"550-5.7.1 [103.14.97.89 19] Gmail has detected that this message is likely 550-5.7.1 suspicious due to the very low reputation of the sending domain. To 550-5.7.1 best protect our users from spam, the message has been blocked. For 550-5.7.1 more information, go to 550 5.7.1 https://support.google.com/mail/answer/188131",4253,0,Rejeitado (definitivo)
2026-07-04 17:20:33,<7AE24B564F3E4DA88D4107EDFB953144.MAI@mail.lknidhi.com>,mail.lknidhi.com (estimado),Liquidação: Tapete de Couro Preto 150x200 R$756,REJEITADO,,4418,0,Rejeitado (definitivo)
2026-07-05 17:39:23,<FA4697EBCB3444C181A3D63D197A3C02.MAI@mail.lknidhi.com>,mail.lknidhi.com (estimado),Reduza Custos e Regularize a Gestão Ambiental da Sua Empresa com a Ambiservice,RECEBIDO (SMTP),"550-5.7.1 [103.14.97.89 18] Gmail has detected that this message is likely 550-5.7.1 suspicious due to the very low reputation of the sending IP address. 550-5.7.1 To best protect our users from spam, the message has been blocked. 550-5.7.1 For more information, go to 550 5.7.1 https://support.google.com/mail/answer/188131",5002,0,Rejeitado (definitivo)
2026-07-05 17:39:24,<FA4697EBCB3444C181A3D63D197A3C02.MAI@mail.lknidhi.com>,mail.lknidhi.com (estimado),Reduza Custos e Regularize a Gestão Ambiental da Sua Empresa com a Ambiservice,REJEITADO,,5169,0,Rejeitado (definitivo)
2026-07-08 20:17:06,<20260708201243.4D8112479D@mail4.upatech.online>,mail4.upatech.online (estimado),,RECEBIDO (SMTP),"421-4.7.28 Gmail has detected an unusual rate of unsolicited mail. To protect 421-4.7.28 our users from spam, mail has been temporarily rate limited. For 421-4.7.28 more information, go to 421-4.7.28 https://support.google.com/mail/?p=UnsolicitedRateLimitError to 421 4.7.28 review our Bulk Email Senders Guidelines.",0,0,Rejeitado (temporário)
2026-07-08 20:17:06,<20260708201243.4D8112479D@mail4.upatech.online>,mail4.upatech.online (estimado),,RECEBIDO (SMTP),"421-4.7.28 Gmail has detected an unusual rate of unsolicited mail. To protect 421-4.7.28 our users from spam, mail has been temporarily rate limited. For 421-4.7.28 more information, go to 421-4.7.28 https://support.google.com/mail/?p=UnsolicitedRateLimitError to 421 4.7.28 review our Bulk Email Senders Guidelines.",0,0,Rejeitado (temporário)
2026-07-08 20:27:01,<20260708201243.4D8112479D@mail4.upatech.online>,mail4.upatech.online (estimado),,RECEBIDO (SMTP),"421-4.7.28 Gmail has detected an unusual rate of unsolicited mail. To protect 421-4.7.28 our users from spam, mail has been temporarily rate limited. For 421-4.7.28 more information, go to 421-4.7.28 https://support.google.com/mail/?p=UnsolicitedRateLimitError to 421 4.7.28 review our Bulk Email Senders Guidelines.",0,0,Rejeitado (temporário)
2026-07-08 20:27:01,<20260708201243.4D8112479D@mail4.upatech.online>,mail4.upatech.online (estimado),,RECEBIDO (SMTP),"421-4.7.28 Gmail has detected an unusual rate of unsolicited mail. To protect 421-4.7.28 our users from spam, mail has been temporarily rate limited. For 421-4.7.28 more information, go to 421-4.7.28 https://support.google.com/mail/?p=UnsolicitedRateLimitError to 421 4.7.28 review our Bulk Email Senders Guidelines.",0,0,Rejeitado (temporário)
2026-07-08 20:44:41,<20260708201243.4D8112479D@mail4.upatech.online>,mail4.upatech.online (estimado),,RECEBIDO (SMTP),"421-4.7.28 Gmail has detected an unusual rate of unsolicited mail. To protect 421-4.7.28 our users from spam, mail has been temporarily rate limited. For 421-4.7.28 more information, go to 421-4.7.28 https://support.google.com/mail/?p=UnsolicitedRateLimitError to 421 4.7.28 review our Bulk Email Senders Guidelines.",0,0,Rejeitado (temporário)
2026-07-08 20:44:42,<20260708201243.4D8112479D@mail4.upatech.online>,mail4.upatech.online (estimado),,RECEBIDO (SMTP),"421-4.7.28 Gmail has detected an unusual rate of unsolicited mail. To protect 421-4.7.28 our users from spam, mail has been temporarily rate limited. For 421-4.7.28 more information, go to 421-4.7.28 https://support.google.com/mail/?p=UnsolicitedRateLimitError to 421 4.7.28 review our Bulk Email Senders Guidelines.",0,0,Rejeitado (temporário)
2026-07-08 21:19:11,<20260708201243.4D8112479D@mail4.upatech.online>,mail4.upatech.online (estimado),,RECEBIDO (SMTP),"421-4.7.28 Gmail has detected an unusual rate of unsolicited mail. To protect 421-4.7.28 our users from spam, mail has been temporarily rate limited. For 421-4.7.28 more information, go to 421-4.7.28 https://support.google.com/mail/?p=UnsolicitedRateLimitError to 421 4.7.28 review our Bulk Email Senders Guidelines.",0,0,Rejeitado (temporário)
2026-07-08 21:19:12,<20260708201243.4D8112479D@mail4.upatech.online>,mail4.upatech.online (estimado),,RECEBIDO (SMTP),"421-4.7.28 Gmail has detected an unusual rate of unsolicited mail. To protect 421-4.7.28 our users from spam, mail has been temporarily rate limited. For 421-4.7.28 more information, go to 421-4.7.28 https://support.google.com/mail/?p=UnsolicitedRateLimitError to 421 4.7.28 review our Bulk Email Senders Guidelines.",0,0,Rejeitado (temporário)
2026-07-08 22:29:12,<20260708201243.4D8112479D@mail4.upatech.online>,mail4.upatech.online (estimado),,RECEBIDO (SMTP),"421-4.7.28 Gmail has detected an unusual rate of unsolicited mail. To protect 421-4.7.28 our users from spam, mail has been temporarily rate limited. For 421-4.7.28 more information, go to 421-4.7.28 https://support.google.com/mail/?p=UnsolicitedRateLimitError to 421 4.7.28 review our Bulk Email Senders Guidelines.",0,0,Rejeitado (temporário)
2026-07-08 22:29:12,<20260708201243.4D8112479D@mail4.upatech.online>,mail4.upatech.online (estimado),,RECEBIDO (SMTP),"421-4.7.28 Gmail has detected an unusual rate of unsolicited mail. To protect 421-4.7.28 our users from spam, mail has been temporarily rate limited. For 421-4.7.28 more information, go to 421-4.7.28 https://support.google.com/mail/?p=UnsolicitedRateLimitError to 421 4.7.28 review our Bulk Email Senders Guidelines.",0,0,Rejeitado (temporário)
2026-07-08 23:39:12,<20260708201243.4D8112479D@mail4.upatech.online>,mail4.upatech.online (estimado),,RECEBIDO (SMTP),"421-4.7.28 Gmail has detected an unusual rate of unsolicited mail. To protect 421-4.7.28 our users from spam, mail has been temporarily rate limited. For 421-4.7.28 more information, go to 421-4.7.28 https://support.google.com/mail/?p=UnsolicitedRateLimitError to 421 4.7.28 review our Bulk Email Senders Guidelines.",0,0,Rejeitado (temporário)
2026-07-08 23:39:12,<20260708201243.4D8112479D@mail4.upatech.online>,mail4.upatech.online (estimado),,RECEBIDO (SMTP),"421-4.7.28 Gmail has detected an unusual rate of unsolicited mail. To protect 421-4.7.28 our users from spam, mail has been temporarily rate limited. For 421-4.7.28 more information, go to 421-4.7.28 https://support.google.com/mail/?p=UnsolicitedRateLimitError to 421 4.7.28 review our Bulk Email Senders Guidelines.",0,0,Rejeitado (temporário)
2026-07-09 00:49:11,<20260708201243.4D8112479D@mail4.upatech.online>,mail4.upatech.online (estimado),,RECEBIDO (SMTP),"421-4.7.28 Gmail has detected an unusual rate of unsolicited mail. To protect 421-4.7.28 our users from spam, mail has been temporarily rate limited. For 421-4.7.28 more information, go to 421-4.7.28 https://support.google.com/mail/?p=UnsolicitedRateLimitError to 421 4.7.28 review our Bulk Email Senders Guidelines.",0,0,Rejeitado (temporário)
2026-07-09 00:49:11,<20260708201243.4D8112479D@mail4.upatech.online>,mail4.upatech.online (estimado),,RECEBIDO (SMTP),"421-4.7.28 Gmail has detected an unusual rate of unsolicited mail. To protect 421-4.7.28 our users from spam, mail has been temporarily rate limited. For 421-4.7.28 more information, go to 421-4.7.28 https://support.google.com/mail/?p=UnsolicitedRateLimitError to 421 4.7.28 review our Bulk Email Senders Guidelines.",0,0,Rejeitado (temporário)
2026-07-09 01:59:10,<20260708201243.4D8112479D@mail4.upatech.online>,mail4.upatech.online (estimado),,RECEBIDO (SMTP),"421-4.7.28 Gmail has detected an unusual rate of unsolicited mail. To protect 421-4.7.28 our users from spam, mail has been temporarily rate limited. For 421-4.7.28 more information, go to 421-4.7.28 https://support.google.com/mail/?p=UnsolicitedRateLimitError to 421 4.7.28 review our Bulk Email Senders Guidelines.",0,0,Rejeitado (temporário)
2026-07-09 01:59:10,<20260708201243.4D8112479D@mail4.upatech.online>,mail4.upatech.online (estimado),,RECEBIDO (SMTP),"421-4.7.28 Gmail has detected an unusual rate of unsolicited mail. To protect 421-4.7.28 our users from spam, mail has been temporarily rate limited. For 421-4.7.28 more information, go to 421-4.7.28 https://support.google.com/mail/?p=UnsolicitedRateLimitError to 421 4.7.28 review our Bulk Email Senders Guidelines.",0,0,Rejeitado (temporário)
2026-07-09 03:09:11,<20260708201243.4D8112479D@mail4.upatech.online>,mail4.upatech.online (estimado),,RECEBIDO (SMTP),"421-4.7.28 Gmail has detected an unusual rate of unsolicited mail. To protect 421-4.7.28 our users from spam, mail has been temporarily rate limited. For 421-4.7.28 more information, go to 421-4.7.28 https://support.google.com/mail/?p=UnsolicitedRateLimitError to 421 4.7.28 review our Bulk Email Senders Guidelines.",0,0,Rejeitado (temporário)
2026-07-09 03:09:11,<20260708201243.4D8112479D@mail4.upatech.online>,mail4.upatech.online (estimado),,RECEBIDO (SMTP),"421-4.7.28 Gmail has detected an unusual rate of unsolicited mail. To protect 421-4.7.28 our users from spam, mail has been temporarily rate limited. For 421-4.7.28 more information, go to 421-4.7.28 https://support.google.com/mail/?p=UnsolicitedRateLimitError to 421 4.7.28 review our Bulk Email Senders Guidelines.",0,0,Rejeitado (temporário)
2026-07-09 04:19:11,<20260708201243.4D8112479D@mail4.upatech.online>,mail4.upatech.online (estimado),,RECEBIDO (SMTP),"421-4.7.28 Gmail has detected an unusual rate of unsolicited mail. To protect 421-4.7.28 our users from spam, mail has been temporarily rate limited. For 421-4.7.28 more information, go to 421-4.7.28 https://support.google.com/mail/?p=UnsolicitedRateLimitError to 421 4.7.28 review our Bulk Email Senders Guidelines.",0,0,Rejeitado (temporário)
2026-07-09 04:19:12,<20260708201243.4D8112479D@mail4.upatech.online>,mail4.upatech.online (estimado),,RECEBIDO (SMTP),"421-4.7.28 Gmail has detected an unusual rate of unsolicited mail. To protect 421-4.7.28 our users from spam, mail has been temporarily rate limited. For 421-4.7.28 more information, go to 421-4.7.28 https://support.google.com/mail/?p=UnsolicitedRateLimitError to 421 4.7.28 review our Bulk Email Senders Guidelines.",0,0,Rejeitado (temporário)
2026-07-09 05:29:10,<20260708201243.4D8112479D@mail4.upatech.online>,mail4.upatech.online (estimado),,RECEBIDO (SMTP),"421-4.7.28 Gmail has detected an unusual rate of unsolicited mail. To protect 421-4.7.28 our users from spam, mail has been temporarily rate limited. For 421-4.7.28 more information, go to 421-4.7.28 https://support.google.com/mail/?p=UnsolicitedRateLimitError to 421 4.7.28 review our Bulk Email Senders Guidelines.",0,0,Rejeitado (temporário)
2026-07-09 05:29:10,<20260708201243.4D8112479D@mail4.upatech.online>,mail4.upatech.online (estimado),,RECEBIDO (SMTP),"421-4.7.28 Gmail has detected an unusual rate of unsolicited mail. To protect 421-4.7.28 our users from spam, mail has been temporarily rate limited. For 421-4.7.28 more information, go to 421-4.7.28 https://support.google.com/mail/?p=UnsolicitedRateLimitError to 421 4.7.28 review our Bulk Email Senders Guidelines.",0,0,Rejeitado (temporário)
2026-07-09 06:39:10,<20260708201243.4D8112479D@mail4.upatech.online>,mail4.upatech.online (estimado),,RECEBIDO (SMTP),"421-4.7.28 Gmail has detected an unusual rate of unsolicited mail. To protect 421-4.7.28 our users from spam, mail has been temporarily rate limited. For 421-4.7.28 more information, go to 421-4.7.28 https://support.google.com/mail/?p=UnsolicitedRateLimitError to 421 4.7.28 review our Bulk Email Senders Guidelines.",0,0,Rejeitado (temporário)
2026-07-09 06:39:10,<20260708201243.4D8112479D@mail4.upatech.online>,mail4.upatech.online (estimado),,RECEBIDO (SMTP),"421-4.7.28 Gmail has detected an unusual rate of unsolicited mail. To protect 421-4.7.28 our users from spam, mail has been temporarily rate limited. For 421-4.7.28 more information, go to 421-4.7.28 https://support.google.com/mail/?p=UnsolicitedRateLimitError to 421 4.7.28 review our Bulk Email Senders Guidelines.",0,0,Rejeitado (temporário)
2026-07-09 17:16:37,<20260331234201.0806E762D3F8@ix-quant.com>,ix-quant.com (estimado),Transforme seu negócio com um site profissional que vende todos os dias,RECEBIDO (SMTP),"550-5.7.1 [222.35.7.125] The IP you're using to send mail is not authorized to 550-5.7.1 send email directly to our servers. Please use the SMTP relay at your 550-5.7.1 service provider instead. For more information, go to 550 5.7.1 https://support.google.com/mail/?p=NotAuthorizedError",3657,0,Rejeitado (definitivo)
2026-07-09 17:16:37,<20260331234201.0806E762D3F8@ix-quant.com>,ix-quant.com (estimado),Transforme seu negócio com um site profissional que vende todos os dias,REJEITADO,,3824,0,Rejeitado (definitivo)
2026-07-09 20:54:32,<20260401001614.1E26E76311BF@ix-quant.com>,ix-quant.com (estimado),Consulte CPF e CNPJ com rapidez e segurança,RECEBIDO (SMTP),"550-5.7.1 [222.35.7.126] The IP you're using to send mail is not authorized to 550-5.7.1 send email directly to our servers. Please use the SMTP relay at your 550-5.7.1 service provider instead. For more information, go to 550 5.7.1 https://support.google.com/mail/?p=NotAuthorizedError",3366,0,Rejeitado (definitivo)
2026-07-09 20:54:32,<20260401001614.1E26E76311BF@ix-quant.com>,ix-quant.com (estimado),Consulte CPF e CNPJ com rapidez e segurança,REJEITADO,,3535,0,Rejeitado (definitivo)
2026-07-09 20:55:18,<20260401001625.18FDC763120E@ix-quant.com>,ix-quant.com (estimado),Consulte CPF e CNPJ com rapidez e segurança,RECEBIDO (SMTP),"550-5.7.1 [222.35.7.121] The IP you're using to send mail is not authorized to 550-5.7.1 send email directly to our servers. Please use the SMTP relay at your 550-5.7.1 service provider instead. For more information, go to 550 5.7.1 https://support.google.com/mail/?p=NotAuthorizedError",3447,0,Rejeitado (definitivo)
2026-07-09 20:55:19,<20260401001625.18FDC763120E@ix-quant.com>,ix-quant.com (estimado),Consulte CPF e CNPJ com rapidez e segurança,REJEITADO,,3615,0,Rejeitado (definitivo)
2026-07-09 22:53:59,<202607092253.669Mrxlu1313565@sd-155928.dedibox.fr>,sd-155928.dedibox.fr (estimado), IMPORTANTE - Receita Federal - Simples ,RECEBIDO (SMTP),"550-5.7.26 Unauthenticated email from rfb.gov.br is not accepted due to domain's 550-5.7.26 DMARC policy. Please contact the administrator of rfb.gov.br domain 550-5.7.26 if this was a legitimate mail. To learn about the DMARC initiative, 550-5.7.26 go to 550 5.7.26 https://support.google.com/mail/?p=DmarcRejection",179181,1,Rejeitado (definitivo)
2026-07-09 22:53:59,<202607092253.669Mrxlu1313565@sd-155928.dedibox.fr>,sd-155928.dedibox.fr (estimado), IMPORTANTE - Receita Federal - Simples ,REJEITADO,,179349,1,Rejeitado (definitivo)
2026-07-10 21:40:20,<20260710214019.448227E73F@relatorio01a.bolsasaccouture.cfd>,relatorio01a.bolsasaccouture.cfd (estimado),Assinar documento: DOCUMENTO.compliance@beng.eng.br.docx,RECEBIDO (SMTP),"550-5.7.1 [74.63.10.254 18] Gmail has detected that this message is likely 550-5.7.1 suspicious due to the very low reputation of the sending IP address. 550-5.7.1 To best protect our users from spam, the message has been blocked. 550-5.7.1 For more information, go to 550 5.7.1 https://support.google.com/mail/answer/188131",8269,0,Rejeitado (definitivo)
2026-07-10 21:40:20,<20260710214019.448227E73F@relatorio01a.bolsasaccouture.cfd>,relatorio01a.bolsasaccouture.cfd (estimado),Assinar documento: DOCUMENTO.compliance@beng.eng.br.docx,REJEITADO,,8437,0,Rejeitado (definitivo)
2026-07-10 21:40:29,<20260710214019.448227E73F@relatorio01a.bolsasaccouture.cfd>,relatorio01a.bolsasaccouture.cfd (estimado),Assinar documento: DOCUMENTO.compliance@beng.eng.br.docx,RECEBIDO (SMTP),"550-5.7.1 [74.63.10.254 18] Gmail has detected that this message is likely 550-5.7.1 suspicious due to the very low reputation of the sending IP address. 550-5.7.1 To best protect our users from spam, the message has been blocked. 550-5.7.1 For more information, go to 550 5.7.1 https://support.google.com/mail/answer/188131",8269,0,Rejeitado (definitivo)
2026-07-10 21:40:29,<20260710214019.448227E73F@relatorio01a.bolsasaccouture.cfd>,relatorio01a.bolsasaccouture.cfd (estimado),Assinar documento: DOCUMENTO.compliance@beng.eng.br.docx,REJEITADO,,8436,0,Rejeitado (definitivo)
2026-07-10 21:40:43,<20260710214019.448227E73F@relatorio01a.bolsasaccouture.cfd>,relatorio01a.bolsasaccouture.cfd (estimado),Assinar documento: DOCUMENTO.compliance@beng.eng.br.docx,RECEBIDO (SMTP),"550-5.7.1 [74.63.10.254 18] Gmail has detected that this message is likely 550-5.7.1 suspicious due to the very low reputation of the sending IP address. 550-5.7.1 To best protect our users from spam, the message has been blocked. 550-5.7.1 For more information, go to 550 5.7.1 https://support.google.com/mail/answer/188131",8269,0,Rejeitado (definitivo)
2026-07-10 21:40:43,<20260710214019.448227E73F@relatorio01a.bolsasaccouture.cfd>,relatorio01a.bolsasaccouture.cfd (estimado),Assinar documento: DOCUMENTO.compliance@beng.eng.br.docx,REJEITADO,,8436,0,Rejeitado (definitivo)
2026-07-13 17:17:16,<ebfjhmxpakfs.1783963035613529700@b202e93f.morococomedy.com>,b202e93f.morococomedy.com (estimado),Carta Precatória: Citação e Intimação,RECEBIDO (SMTP),"550-5.7.28 [194.38.21.130 1] Gmail has detected an unusual rate of 550-5.7.28 unsolicited mail originating from your IP address. To protect our 550-5.7.28 users from spam, mail sent from your IP address has been blocked. 550-5.7.28 For more information, go to 550-5.7.28 https://support.google.com/mail/?p=UnsolicitedIPError to review our 550 5.7.28 Bulk Email Senders Guidelines.",7177,0,Rejeitado (definitivo)
2026-07-13 17:17:16,<ebfjhmxpakfs.1783963035613529700@b202e93f.morococomedy.com>,b202e93f.morococomedy.com (estimado),Carta Precatória: Citação e Intimação,REJEITADO,,7343,0,Rejeitado (definitivo)
2026-07-13 18:10:55,<20260713181030.0F1F27F9C4@relatorio13m.bolsasardin.cfd>,relatorio13m.bolsasardin.cfd (estimado),,RECEBIDO (SMTP),"421-4.7.28 Gmail has detected an unusual rate of unsolicited mail. To protect 421-4.7.28 our users from spam, mail has been temporarily rate limited. For 421-4.7.28 more information, go to 421-4.7.28 https://support.google.com/mail/?p=UnsolicitedRateLimitError to 421 4.7.28 review our Bulk Email Senders Guidelines.",0,0,Rejeitado (temporário)
2026-07-13 18:10:55,<20260713181022.D9CBA7EF83@relatorio13m.bolsasardin.cfd>,relatorio13m.bolsasardin.cfd (estimado),,RECEBIDO (SMTP),"421-4.7.28 Gmail has detected an unusual rate of unsolicited mail. To protect 421-4.7.28 our users from spam, mail has been temporarily rate limited. For 421-4.7.28 more information, go to 421-4.7.28 https://support.google.com/mail/?p=UnsolicitedRateLimitError to 421 4.7.28 review our Bulk Email Senders Guidelines.",0,0,Rejeitado (temporário)
2026-07-13 18:11:00,<20260713181022.D9CBA7EF83@relatorio13m.bolsasardin.cfd>,relatorio13m.bolsasardin.cfd (estimado),,RECEBIDO (SMTP),"421-4.7.28 Gmail has detected an unusual rate of unsolicited mail. To protect 421-4.7.28 our users from spam, mail has been temporarily rate limited. For 421-4.7.28 more information, go to 421-4.7.28 https://support.google.com/mail/?p=UnsolicitedRateLimitError to 421 4.7.28 review our Bulk Email Senders Guidelines.",0,0,Rejeitado (temporário)
2026-07-13 18:11:04,<20260713181030.0F1F27F9C4@relatorio13m.bolsasardin.cfd>,relatorio13m.bolsasardin.cfd (estimado),,RECEBIDO (SMTP),"421-4.7.28 Gmail has detected an unusual rate of unsolicited mail. To protect 421-4.7.28 our users from spam, mail has been temporarily rate limited. For 421-4.7.28 more information, go to 421-4.7.28 https://support.google.com/mail/?p=UnsolicitedRateLimitError to 421 4.7.28 review our Bulk Email Senders Guidelines.",0,0,Rejeitado (temporário)
2026-07-13 20:47:58,<20260713204741.EBAE1827F6@relatorio11k.bolsaknot.cfd>,relatorio11k.bolsaknot.cfd (estimado),Assine com o Docusing: CONTRATO_ASSINATURA_FINAL.72187671.RWSGA.CONTRATOS.DIGITAIS.pdf,RECEBIDO (SMTP),"550-5.7.1 [45.130.30.227 19] Gmail has detected that this message is likely 550-5.7.1 suspicious due to the very low reputation of the sending domain. To 550-5.7.1 best protect our users from spam, the message has been blocked. For 550-5.7.1 more information, go to 550 5.7.1 https://support.google.com/mail/answer/188131",8173,0,Rejeitado (definitivo)
2026-07-13 20:47:59,<20260713204741.EBAE1827F6@relatorio11k.bolsaknot.cfd>,relatorio11k.bolsaknot.cfd (estimado),Assine com o Docusing: CONTRATO_ASSINATURA_FINAL.72187671.RWSGA.CONTRATOS.DIGITAIS.pdf,REJEITADO,,8341,0,Rejeitado (definitivo)
2026-07-14 02:06:58,<emposvomuupg.1783994817745214900@1bec14f4.drminanasef.com>,1bec14f4.drminanasef.com (estimado),Mandado Judicial Processual - TJSP,RECEBIDO (SMTP),"550-5.7.1 [185.243.96.88 12] Gmail has detected that this message is likely 550-5.7.1 unsolicited mail. To reduce the amount of spam sent to Gmail, this 550-5.7.1 message has been blocked. For more information, go to 550 5.7.1 https://support.google.com/mail/?p=UnsolicitedMessageError",7283,0,Rejeitado (definitivo)
2026-07-14 02:06:59,<emposvomuupg.1783994817745214900@1bec14f4.drminanasef.com>,1bec14f4.drminanasef.com (estimado),Mandado Judicial Processual - TJSP,REJEITADO,,7453,0,Rejeitado (definitivo)
2026-07-14 09:39:20,<1409308063.1377161.1784021959353@alc-az.mail.protection.outlook.com>,alc-az.mail.protection.outlook.com (estimado),Fast & Safe Air Freight & Courier Service For You,RECEBIDO (SMTP),"550-5.7.1 [36.148.184.125] The IP you're using to send mail is not authorized to 550-5.7.1 send email directly to our servers. Please use the SMTP relay at your 550-5.7.1 service provider instead. For more information, go to 550 5.7.1 https://support.google.com/mail/?p=NotAuthorizedError",4168,0,Rejeitado (definitivo)
2026-07-14 09:39:20,<1409308063.1377161.1784021959353@alc-az.mail.protection.outlook.com>,alc-az.mail.protection.outlook.com (estimado),Fast & Safe Air Freight & Courier Service For You,REJEITADO,,4335,0,Rejeitado (definitivo)
2026-07-14 15:09:00,<20260714150745.8D3DB7D68F@relatorio03c.culturacongo.cfd>,relatorio03c.culturacongo.cfd (estimado),Acesso rápido: veja a reclamação registrada,RECEBIDO (SMTP),"550-5.7.1 [74.63.9.14 19] Gmail has detected that this message is likely 550-5.7.1 suspicious due to the very low reputation of the sending domain. To 550-5.7.1 best protect our users from spam, the message has been blocked. For 550-5.7.1 more information, go to 550 5.7.1 https://support.google.com/mail/answer/188131",8129,0,Rejeitado (definitivo)
2026-07-14 15:09:00,<20260714150745.8D3DB7D68F@relatorio03c.culturacongo.cfd>,relatorio03c.culturacongo.cfd (estimado),Acesso rápido: veja a reclamação registrada,REJEITADO,,8293,0,Rejeitado (definitivo)
2026-07-14 15:09:30,<20260714150745.8D3DB7D68F@relatorio03c.culturacongo.cfd>,relatorio03c.culturacongo.cfd (estimado),Acesso rápido: veja a reclamação registrada,RECEBIDO (SMTP),"550-5.7.1 [74.63.9.14 18] Gmail has detected that this message is likely 550-5.7.1 suspicious due to the very low reputation of the sending IP address. 550-5.7.1 To best protect our users from spam, the message has been blocked. 550-5.7.1 For more information, go to 550 5.7.1 https://support.google.com/mail/answer/188131",8131,0,Rejeitado (definitivo)
2026-07-14 15:09:30,<20260714150745.8D3DB7D68F@relatorio03c.culturacongo.cfd>,relatorio03c.culturacongo.cfd (estimado),Acesso rápido: veja a reclamação registrada,REJEITADO,,8300,0,Rejeitado (definitivo)
2026-07-14 15:09:46,<20260714150745.8D3DB7D68F@relatorio03c.culturacongo.cfd>,relatorio03c.culturacongo.cfd (estimado),Acesso rápido: veja a reclamação registrada,RECEBIDO (SMTP),"550-5.7.1 [74.63.9.14 18] Gmail has detected that this message is likely 550-5.7.1 suspicious due to the very low reputation of the sending IP address. 550-5.7.1 To best protect our users from spam, the message has been blocked. 550-5.7.1 For more information, go to 550 5.7.1 https://support.google.com/mail/answer/188131",8131,0,Rejeitado (definitivo)
2026-07-14 15:09:47,<20260714150745.8D3DB7D68F@relatorio03c.culturacongo.cfd>,relatorio03c.culturacongo.cfd (estimado),Acesso rápido: veja a reclamação registrada,REJEITADO,,8296,0,Rejeitado (definitivo)
2026-07-14 15:09:51,<20260714150745.8D3DB7D68F@relatorio03c.culturacongo.cfd>,relatorio03c.culturacongo.cfd (estimado),Acesso rápido: veja a reclamação registrada,RECEBIDO (SMTP),"550-5.7.1 [74.63.9.14 19] Gmail has detected that this message is likely 550-5.7.1 suspicious due to the very low reputation of the sending domain. To 550-5.7.1 best protect our users from spam, the message has been blocked. For 550-5.7.1 more information, go to 550 5.7.1 https://support.google.com/mail/answer/188131",8131,0,Rejeitado (definitivo)
2026-07-14 15:09:51,<20260714150745.8D3DB7D68F@relatorio03c.culturacongo.cfd>,relatorio03c.culturacongo.cfd (estimado),Acesso rápido: veja a reclamação registrada,REJEITADO,,8299,0,Rejeitado (definitivo)
2026-07-15 00:54:51,<202607150054.66F0sp7e033980@sd-163154.dedibox.fr>,sd-163154.dedibox.fr (estimado), Receita Federal - Serviço de Administração Tributária Simples Nascional ,RECEBIDO (SMTP),"550-5.7.26 Unauthenticated email from rfb.gov.br is not accepted due to domain's 550-5.7.26 DMARC policy. Please contact the administrator of rfb.gov.br domain 550-5.7.26 if this was a legitimate mail. To learn about the DMARC initiative, 550-5.7.26 go to 550 5.7.26 https://support.google.com/mail/?p=DmarcRejection",180148,1,Rejeitado (definitivo)
2026-07-15 00:54:51,<202607150054.66F0sp7e033980@sd-163154.dedibox.fr>,sd-163154.dedibox.fr (estimado), Receita Federal - Serviço de Administração Tributária Simples Nascional ,REJEITADO,,180316,1,Rejeitado (definitivo)
2026-07-15 17:46:44,<20260715T174638Z.7802560946459414365@contato20.pedidoorcamento.com>,contato20.pedidoorcamento.com (estimado),Fatura 080632461825277 - Guia emitida referente à sua compra,RECEBIDO (SMTP),"550-5.7.1 [89.32.41.175] The IP you're using to send mail is not authorized to 550-5.7.1 send email directly to our servers. Please use the SMTP relay at your 550-5.7.1 service provider instead. For more information, go to 550 5.7.1 https://support.google.com/mail/?p=NotAuthorizedError",7043,0,Rejeitado (definitivo)
2026-07-15 17:46:45,<20260715T174638Z.7802560946459414365@contato20.pedidoorcamento.com>,contato20.pedidoorcamento.com (estimado),Fatura 080632461825277 - Guia emitida referente à sua compra,REJEITADO,,7209,0,Rejeitado (definitivo)
2026-07-15 18:11:48,<20260715181049.EB3B77EEE6@relatorio06f.culturafestajunina.cfd>,relatorio06f.culturafestajunina.cfd (estimado),,RECEBIDO (SMTP),"421-4.7.28 Gmail has detected an unusual rate of unsolicited mail. To protect 421-4.7.28 our users from spam, mail has been temporarily rate limited. For 421-4.7.28 more information, go to 421-4.7.28 https://support.google.com/mail/?p=UnsolicitedRateLimitError to 421 4.7.28 review our Bulk Email Senders Guidelines.",0,0,Rejeitado (temporário)
2026-07-15 18:11:52,<20260715181049.EB3B77EEE6@relatorio06f.culturafestajunina.cfd>,relatorio06f.culturafestajunina.cfd (estimado),,RECEBIDO (SMTP),"421-4.7.28 Gmail has detected an unusual rate of unsolicited mail. To protect 421-4.7.28 our users from spam, mail has been temporarily rate limited. For 421-4.7.28 more information, go to 421-4.7.28 https://support.google.com/mail/?p=UnsolicitedRateLimitError to 421 4.7.28 review our Bulk Email Senders Guidelines.",0,0,Rejeitado (temporário)
2026-07-15 20:36:20,<20260715203551.4714E7FCD5@relatorio03c.culturaxaxado.cfd>,relatorio03c.culturaxaxado.cfd (estimado),,RECEBIDO (SMTP),"421-4.7.28 Gmail has detected an unusual rate of unsolicited mail. To protect 421-4.7.28 our users from spam, mail has been temporarily rate limited. For 421-4.7.28 more information, go to 421-4.7.28 https://support.google.com/mail/?p=UnsolicitedRateLimitError to 421 4.7.28 review our Bulk Email Senders Guidelines.",0,0,Rejeitado (temporário)
2026-07-15 20:36:21,<20260715203551.4714E7FCD5@relatorio03c.culturaxaxado.cfd>,relatorio03c.culturaxaxado.cfd (estimado),,RECEBIDO (SMTP),"421-4.7.28 Gmail has detected an unusual rate of unsolicited mail. To protect 421-4.7.28 our users from spam, mail has been temporarily rate limited. For 421-4.7.28 more information, go to 421-4.7.28 https://support.google.com/mail/?p=UnsolicitedRateLimitError to 421 4.7.28 review our Bulk Email Senders Guidelines.",0,0,Rejeitado (temporário)
2026-07-15 20:36:29,<20260715203557.B38F38066F@relatorio03c.culturaxaxado.cfd>,relatorio03c.culturaxaxado.cfd (estimado),,RECEBIDO (SMTP),"421-4.7.28 Gmail has detected an unusual rate of unsolicited mail. To protect 421-4.7.28 our users from spam, mail has been temporarily rate limited. For 421-4.7.28 more information, go to 421-4.7.28 https://support.google.com/mail/?p=UnsolicitedRateLimitError to 421 4.7.28 review our Bulk Email Senders Guidelines.",0,0,Rejeitado (temporário)
2026-07-15 20:36:30,<20260715203557.B38F38066F@relatorio03c.culturaxaxado.cfd>,relatorio03c.culturaxaxado.cfd (estimado),,RECEBIDO (SMTP),"421-4.7.28 Gmail has detected an unusual rate of unsolicited mail. To protect 421-4.7.28 our users from spam, mail has been temporarily rate limited. For 421-4.7.28 more information, go to 421-4.7.28 https://support.google.com/mail/?p=UnsolicitedRateLimitError to 421 4.7.28 review our Bulk Email Senders Guidelines.",0,0,Rejeitado (temporário)
2026-07-15 20:36:46,<20260715203557.B38F38066F@relatorio03c.culturaxaxado.cfd>,relatorio03c.culturaxaxado.cfd (estimado),,RECEBIDO (SMTP),"421-4.7.28 Gmail has detected an unusual rate of unsolicited mail. To protect 421-4.7.28 our users from spam, mail has been temporarily rate limited. For 421-4.7.28 more information, go to 421-4.7.28 https://support.google.com/mail/?p=UnsolicitedRateLimitError to 421 4.7.28 review our Bulk Email Senders Guidelines.",0,0,Rejeitado (temporário)
2026-07-15 20:36:47,<20260715203557.B38F38066F@relatorio03c.culturaxaxado.cfd>,relatorio03c.culturaxaxado.cfd (estimado),,RECEBIDO (SMTP),"421-4.7.28 Gmail has detected an unusual rate of unsolicited mail. To protect 421-4.7.28 our users from spam, mail has been temporarily rate limited. For 421-4.7.28 more information, go to 421-4.7.28 https://support.google.com/mail/?p=UnsolicitedRateLimitError to 421 4.7.28 review our Bulk Email Senders Guidelines.",0,0,Rejeitado (temporário)
2026-07-16 15:52:32,<20260716155119.9F8FF41E82@relatorio01a.culturacarimbo.cfd>,relatorio01a.culturacarimbo.cfd (estimado),Vencimento do DAS em 20/07/2026,RECEBIDO (SMTP),"550-5.7.1 [148.113.70.54 19] Gmail has detected that this message is likely 550-5.7.1 suspicious due to the very low reputation of the sending domain. To 550-5.7.1 best protect our users from spam, the message has been blocked. For 550-5.7.1 more information, go to 550 5.7.1 https://support.google.com/mail/answer/188131",23635,0,Rejeitado (definitivo)
2026-07-16 15:52:32,<20260716155119.9F8FF41E82@relatorio01a.culturacarimbo.cfd>,relatorio01a.culturacarimbo.cfd (estimado),Vencimento do DAS em 20/07/2026,REJEITADO,,23803,0,Rejeitado (definitivo)
2026-07-16 18:50:04,<20260716184918.459267E947@relatorio09i.culturacheganca.cfd>,relatorio09i.culturacheganca.cfd (estimado),Ação registrada para acompanhamento digital,RECEBIDO (SMTP),"550-5.7.1 [64.225.136.100 18] Gmail has detected that this message is 550-5.7.1 likely suspicious due to the very low reputation of the sending IP 550-5.7.1 address. To best protect our users from spam, the message has been 550-5.7.1 blocked. For more information, go to 550 5.7.1 https://support.google.com/mail/answer/188131",7938,0,Rejeitado (definitivo)
2026-07-16 18:50:05,<20260716184918.459267E947@relatorio09i.culturacheganca.cfd>,relatorio09i.culturacheganca.cfd (estimado),Ação registrada para acompanhamento digital,REJEITADO,,8105,0,Rejeitado (definitivo)
2026-07-16 18:50:41,<20260716184918.459267E947@relatorio09i.culturacheganca.cfd>,relatorio09i.culturacheganca.cfd (estimado),Ação registrada para acompanhamento digital,RECEBIDO (SMTP),"550-5.7.1 [64.225.136.100 19] Gmail has detected that this message is 550-5.7.1 likely suspicious due to the very low reputation of the sending 550-5.7.1 domain. To best protect our users from spam, the message has been 550-5.7.1 blocked. For more information, go to 550 5.7.1 https://support.google.com/mail/answer/188131",7938,0,Rejeitado (definitivo)
2026-07-16 18:50:41,<20260716184918.459267E947@relatorio09i.culturacheganca.cfd>,relatorio09i.culturacheganca.cfd (estimado),Ação registrada para acompanhamento digital,REJEITADO,,8106,0,Rejeitado (definitivo)
2026-07-16 20:45:38,<20260713174718.C7143D686B2@ftp-server.localdomain>,ftp-server.localdomain (estimado),Re: My Greatest Desire,RECEBIDO (SMTP),"550-5.7.28 [1.212.225.99 1] Gmail has detected an unusual rate of 550-5.7.28 unsolicited mail originating from your IP address. To protect our 550-5.7.28 users from spam, mail sent from your IP address has been blocked. 550-5.7.28 For more information, go to 550-5.7.28 https://support.google.com/mail/?p=UnsolicitedIPError to review our 550 5.7.28 Bulk Email Senders Guidelines.",3897,0,Rejeitado (definitivo)
2026-07-16 20:45:38,<20260713174718.C7143D686B2@ftp-server.localdomain>,ftp-server.localdomain (estimado),Re: My Greatest Desire,REJEITADO,,4064,0,Rejeitado (definitivo)
2026-07-17 05:07:41,<4975a229f4e5f5806de6fad102272694@sendingprivate.com>,sendingprivate.com (estimado),Teste_2026_07,RECEBIDO (SMTP),250 2.0.0 OK,6065,0,Entregue (caixa de entrada)
2026-07-17 05:07:41,<4975a229f4e5f5806de6fad102272694@sendingprivate.com>,sendingprivate.com (estimado),Teste_2026_07,PROCESSADO,,6229,0,Entregue (caixa de entrada)
2026-07-17 05:07:42,<4975a229f4e5f5806de6fad102272694@sendingprivate.com>,sendingprivate.com (estimado),Teste_2026_07,ENTREGUE (caixa de entrada),,6229,0,Entregue (caixa de entrada)
